"Date","Open","High","Low","Close","Adjusted","Volume"
2023-01-03,243.080001831055,245.75,237.399993896484,239.580001831055,232.510559082031,25740000
2023-01-04,232.279998779297,232.869995117188,225.960006713867,229.100006103516,222.339782714844,50623400
2023-01-05,227.199996948242,227.550003051758,221.759994506836,222.309997558594,215.75016784668,39585600
2023-01-06,223,225.759994506836,219.350006103516,224.929992675781,218.292846679688,43613600
2023-01-09,226.449996948242,231.240005493164,226.410003662109,227.119995117188,220.418197631836,27369800
2023-01-10,227.759994506836,231.309997558594,227.330001831055,228.850006103516,222.097183227539,27033900
2023-01-11,231.289993286133,235.949996948242,231.110000610352,235.770004272461,228.812973022461,28669300
2023-01-12,235.259994506836,239.899993896484,233.559997558594,238.509994506836,231.472152709961,27269500
2023-01-13,237,239.369995117188,234.919998168945,239.229995727539,232.170883178711,21333300
2023-01-17,237.970001220703,240.910003662109,237.089996337891,240.350006103516,233.257858276367,29831300
2023-01-18,241.570007324219,242.380004882812,235.520004272461,235.809997558594,228.851821899414,30028700
2023-01-19,233.779998779297,235.520004272461,230.679992675781,231.929992675781,225.086288452148,28623000
2023-01-20,234.860000610352,240.740005493164,234.509994506836,240.220001220703,233.13166809082,35389800
2023-01-23,241.100006103516,245.169998168945,239.649993896484,242.580001831055,235.421997070312,31934000
2023-01-24,242.5,243.949996948242,240.440002441406,242.039993286133,234.897964477539,40234400
2023-01-25,234.479995727539,243.300003051758,230.899993896484,240.610000610352,233.510177612305,66526600
2023-01-26,243.649993896484,248.309997558594,242,248,240.68212890625,33454500
2023-01-27,248.990005493164,249.830001831055,246.830001831055,248.160003662109,240.837387084961,26498900
2023-01-30,244.509994506836,245.600006103516,242.199996948242,242.710006713867,235.548202514648,25867400
2023-01-31,243.449996948242,247.949996948242,242.949996948242,247.809997558594,240.49772644043,26541100
2023-02-01,248,255.179992675781,245.470001220703,252.75,245.291961669922,31259900
2023-02-02,258.820007324219,264.690002441406,257.25,264.600006103516,256.792266845703,39940400
2023-02-03,259.540008544922,264.200012207031,257.100006103516,258.350006103516,250.726654052734,29077300
2023-02-06,257.440002441406,258.299987792969,254.779998779297,256.769989013672,249.193298339844,22518000
2023-02-07,260.529998779297,268.769989013672,260.079986572266,267.559997558594,259.664916992188,50841400
2023-02-08,273.200012207031,276.760009765625,266.209991455078,266.730010986328,258.859466552734,54686000
2023-02-09,273.799987792969,273.980010986328,262.799987792969,263.619995117188,255.841171264648,42375100
2023-02-10,261.529998779297,264.089996337891,260.660003662109,263.100006103516,255.336563110352,25818500
2023-02-13,267.640014648438,274.600006103516,267.149993896484,271.320007324219,263.31396484375,44630900
2023-02-14,272.670013427734,274.970001220703,269.279998779297,272.170013427734,264.138916015625,37047900
2023-02-15,268.320007324219,270.730010986328,266.179992675781,269.320007324219,262.027709960938,28922400
2023-02-16,264.019989013672,266.739990234375,261.899993896484,262.149993896484,255.051849365234,29603600
2023-02-17,259.390014648438,260.089996337891,256,258.059997558594,251.072555541992,30000100
2023-02-21,254.479995727539,255.490005493164,251.589996337891,252.669998168945,245.828506469727,28397400
2023-02-22,254.089996337891,254.339996337891,250.339996337891,251.509994506836,244.699905395508,22491100
2023-02-23,255.559997558594,256.839996337891,250.479995727539,254.770004272461,247.871612548828,29219100
2023-02-24,249.960006713867,251,248.100006103516,249.220001220703,242.471862792969,24990900
2023-02-27,252.460006713867,252.820007324219,249.389999389648,250.160003662109,243.386459350586,21190000
2023-02-28,249.070007324219,251.490005493164,248.729995727539,249.419998168945,242.666488647461,22491000
2023-03-01,250.759994506836,250.929992675781,245.789993286133,246.270004272461,239.601760864258,27565300
2023-03-02,246.550003051758,251.399993896484,245.610000610352,251.110000610352,244.310729980469,24808200
2023-03-03,252.190002441406,255.619995117188,251.389999389648,255.289993286133,248.377517700195,30760100
2023-03-06,256.429992675781,260.119995117188,255.979995727539,256.869995117188,249.914764404297,24109800
2023-03-07,256.299987792969,257.690002441406,253.389999389648,254.149993896484,247.268402099609,21473200
2023-03-08,254.039993286133,254.539993286133,250.809997558594,253.699996948242,246.830612182617,17340200
2023-03-09,255.820007324219,259.559997558594,251.580001831055,252.320007324219,245.487976074219,26653400
2023-03-10,251.080001831055,252.789993286133,247.600006103516,248.589996337891,241.858963012695,28333900
2023-03-13,247.399993896484,257.910003662109,245.729995727539,253.919998168945,247.044662475586,33339700
2023-03-14,256.75,261.070007324219,255.860000610352,260.790008544922,253.728668212891,33620300
2023-03-15,259.980010986328,266.480010986328,259.209991455078,265.440002441406,258.252685546875,46028000
2023-03-16,265.209991455078,276.559997558594,263.279998779297,276.200012207031,268.721343994141,54768800
2023-03-17,278.260009765625,283.329986572266,276.320007324219,279.429992675781,271.863922119141,69527400
2023-03-20,276.980010986328,277.480010986328,269.850006103516,272.230010986328,264.85888671875,43466600
2023-03-21,274.880004882812,275,269.519989013672,273.779998779297,266.366912841797,34558700
2023-03-22,273.399993896484,281.040008544922,272.179992675781,272.290008544922,264.917236328125,34873300
2023-03-23,277.940002441406,281.059997558594,275.200012207031,277.660003662109,270.141815185547,36610900
2023-03-24,277.239990234375,280.630004882812,275.279998779297,280.570007324219,272.973052978516,28172000
2023-03-27,280.5,281.459991455078,275.519989013672,276.380004882812,268.896453857422,26840200
2023-03-28,275.790008544922,276.140014648438,272.049987792969,275.230010986328,267.777679443359,21878600
2023-03-29,278.959991455078,281.140014648438,278.410003662109,280.510009765625,272.914611816406,25087000
2023-03-30,284.230010986328,284.459991455078,281.480010986328,284.049987792969,276.358825683594,25053400
2023-03-31,283.730010986328,289.269989013672,283,288.299987792969,280.493774414062,32766000
2023-04-03,286.519989013672,288.269989013672,283.950012207031,287.230010986328,279.452697753906,24883300
2023-04-04,287.230010986328,290.450012207031,285.670013427734,287.179992675781,279.404052734375,25824300
2023-04-05,285.850006103516,287.149993896484,282.920013427734,284.339996337891,276.640960693359,22064800
2023-04-06,283.209991455078,292.079986572266,282.029998779297,291.600006103516,283.704345703125,29770300
2023-04-10,289.209991455078,289.600006103516,284.709991455078,289.390014648438,281.554229736328,23103000
2023-04-11,285.75,285.980010986328,281.640014648438,282.829986572266,275.171844482422,27276600
2023-04-12,284.790008544922,287.010009765625,281.959991455078,283.489990234375,275.81396484375,27403400
2023-04-13,283.589996337891,289.899993896484,283.170013427734,289.839996337891,281.992034912109,24222700
2023-04-14,287,288.480010986328,283.690002441406,286.140014648438,278.392242431641,20987900
2023-04-17,289.929992675781,291.600006103516,286.160003662109,288.799987792969,280.980224609375,23836200
2023-04-18,291.570007324219,291.760009765625,287.010009765625,288.369995117188,280.561767578125,20161800
2023-04-19,285.989990234375,289.049987792969,284.540008544922,288.450012207031,280.639678955078,17150300
2023-04-20,285.25,289.029998779297,285.079986572266,286.109985351562,278.363006591797,23244400
2023-04-21,285.010009765625,286.269989013672,283.059997558594,285.760009765625,278.022521972656,21676400
2023-04-24,282.089996337891,284.950012207031,278.720001220703,281.769989013672,274.140594482422,26611000
2023-04-25,279.510009765625,281.600006103516,275.369995117188,275.420013427734,267.962493896484,45772200
2023-04-26,296.700012207031,299.570007324219,292.730010986328,295.369995117188,287.372283935547,64599200
2023-04-27,295.970001220703,305.200012207031,295.25,304.829986572266,296.576171875,46462600
2023-04-28,304.010009765625,308.929992675781,303.309997558594,307.260009765625,298.9404296875,36469600
2023-05-01,306.970001220703,308.600006103516,305.149993896484,305.559997558594,297.286315917969,21294100
2023-05-02,307.760009765625,309.179992675781,303.910003662109,305.410003662109,297.140441894531,26404400
2023-05-03,306.619995117188,308.609985351562,304.089996337891,304.399993896484,296.157775878906,22360800
2023-05-04,306.239990234375,307.760009765625,303.399993896484,305.410003662109,297.140441894531,22519900
2023-05-05,305.720001220703,311.970001220703,304.269989013672,310.649993896484,302.238555908203,28197100
2023-05-08,310.130004882812,310.200012207031,306.089996337891,308.649993896484,300.292633056641,21318600
2023-05-09,308,310.040008544922,306.309997558594,307,298.687438964844,21340800
2023-05-10,308.619995117188,313,307.670013427734,312.309997558594,303.853607177734,30078000
2023-05-11,310.100006103516,311.119995117188,306.260009765625,310.109985351562,301.713195800781,31680200
2023-05-12,310.549987792969,310.649993896484,306.600006103516,308.970001220703,300.604034423828,19774700
2023-05-15,309.100006103516,309.899993896484,307.589996337891,309.459991455078,301.080780029297,16336500
2023-05-16,309.829986572266,313.709991455078,309.829986572266,311.739990234375,303.299041748047,26730300
2023-05-17,312.290008544922,314.429992675781,310.739990234375,314,306.165710449219,24315000
2023-05-18,314.529998779297,319.040008544922,313.720001220703,318.519989013672,310.572906494141,27276000
2023-05-19,316.739990234375,318.75,316.369995117188,318.339996337891,310.397430419922,27546700
2023-05-22,318.600006103516,322.589996337891,318.010009765625,321.179992675781,313.166595458984,24115700
2023-05-23,320.029998779297,322.720001220703,315.25,315.260009765625,307.394287109375,30797200
2023-05-24,314.730010986328,316.5,312.609985351562,313.850006103516,306.019409179688,23384900
2023-05-25,323.239990234375,326.899993896484,320,325.920013427734,317.788360595703,43301700
2023-05-26,324.019989013672,333.399993896484,323.880004882812,332.890014648438,324.584411621094,36630600
2023-05-30,335.230010986328,335.739990234375,330.519989013672,331.209991455078,322.946350097656,29503100
2023-05-31,332.290008544922,335.940002441406,327.329986572266,328.390014648438,320.196716308594,45950600
2023-06-01,325.929992675781,333.529998779297,324.720001220703,332.579986572266,324.282135009766,26773900
2023-06-02,334.25,337.5,332.549987792969,335.399993896484,327.031768798828,25873800
2023-06-05,335.220001220703,338.559997558594,334.660003662109,335.940002441406,327.558288574219,21307100
2023-06-06,335.329986572266,335.369995117188,332.170013427734,333.679992675781,325.354675292969,20396200
2023-06-07,331.649993896484,334.489990234375,322.5,323.380004882812,315.311614990234,40717100
2023-06-08,323.940002441406,326.640014648438,323.350006103516,325.260009765625,317.144775390625,23277700
2023-06-09,324.989990234375,329.989990234375,324.410003662109,326.790008544922,318.636657714844,22529000
2023-06-12,328.579986572266,332.100006103516,325.160003662109,331.850006103516,323.570373535156,24260300
2023-06-13,334.470001220703,336.980010986328,330.390014648438,334.290008544922,325.949462890625,22951300
2023-06-14,334.339996337891,339.040008544922,332.809997558594,337.339996337891,328.923400878906,26003800
2023-06-15,337.480010986328,349.839996337891,337.200012207031,348.100006103516,339.414886474609,38899100
2023-06-16,351.320007324219,351.470001220703,341.950012207031,342.329986572266,333.788848876953,46552000
2023-06-20,339.309997558594,342.079986572266,335.859985351562,338.049987792969,329.615631103516,26375400
2023-06-21,336.369995117188,337.730010986328,332.070007324219,333.559997558594,325.237731933594,25117800
2023-06-22,334.119995117188,340.119995117188,333.339996337891,339.709991455078,331.234191894531,23556800
2023-06-23,334.359985351562,337.959991455078,333.450012207031,335.019989013672,326.661254882812,23146900
2023-06-26,333.720001220703,336.109985351562,328.489990234375,328.600006103516,320.401489257812,21520600
2023-06-27,331.859985351562,336.149993896484,329.299987792969,334.570007324219,326.222442626953,24354100
2023-06-28,334.660003662109,337.980010986328,333.809997558594,335.850006103516,327.470611572266,20259500
2023-06-29,334.709991455078,336.109985351562,332.619995117188,335.049987792969,326.690490722656,16997000
2023-06-30,337.75,342.730010986328,337.200012207031,340.540008544922,332.043487548828,26832800
2023-07-03,339.190002441406,340.899993896484,336.570007324219,337.989990234375,329.557098388672,12508700
2023-07-05,335.089996337891,341.649993896484,334.730010986328,338.149993896484,329.713165283203,18172400
2023-07-06,337.299987792969,342.989990234375,335.5,341.269989013672,332.755310058594,28161200
2023-07-07,339.320007324219,341.790008544922,337,337.220001220703,328.806396484375,21214800
2023-07-10,334.600006103516,335.230010986328,327.589996337891,331.829986572266,323.55078125,32791400
2023-07-11,331.059997558594,332.859985351562,327,332.470001220703,324.174865722656,26698200
2023-07-12,336.600006103516,341.649993896484,335.670013427734,337.200012207031,328.786865234375,29995300
2023-07-13,339.559997558594,343.739990234375,339.019989013672,342.660003662109,334.110626220703,20567200
2023-07-14,347.589996337891,351.429992675781,344.309997558594,345.239990234375,336.626281738281,28352700
2023-07-17,345.679992675781,346.989990234375,342.200012207031,345.730010986328,337.104095458984,20363900
2023-07-18,345.829986572266,366.779998779297,342.170013427734,359.489990234375,350.520721435547,64738600
2023-07-19,361.75,362.459991455078,352.440002441406,355.079986572266,346.220764160156,39732900
2023-07-20,353.570007324219,357.970001220703,345.369995117188,346.869995117188,338.215606689453,33778400
2023-07-21,349.149993896484,350.299987792969,339.829986572266,343.769989013672,335.192901611328,69405400
2023-07-24,345.850006103516,346.920013427734,342.309997558594,345.109985351562,336.49951171875,26678100
2023-07-25,347.109985351562,351.890014648438,345.070007324219,350.980010986328,342.223083496094,41637700
2023-07-26,341.440002441406,344.670013427734,333.109985351562,337.769989013672,329.342651367188,58383700
2023-07-27,340.480010986328,341.329986572266,329.049987792969,330.720001220703,322.468566894531,39635300
2023-07-28,333.670013427734,340.010009765625,333.170013427734,338.369995117188,329.927612304688,28484900
2023-07-31,336.920013427734,337.700012207031,333.359985351562,335.920013427734,327.538787841797,25446000
2023-08-01,335.190002441406,338.540008544922,333.700012207031,336.339996337891,327.948272705078,18311900
2023-08-02,333.630004882812,333.630004882812,326.359985351562,327.5,319.328887939453,27761300
2023-08-03,326,329.880004882812,325.950012207031,326.660003662109,318.509887695312,18253700
2023-08-04,331.880004882812,335.140014648438,327.239990234375,327.779998779297,319.601867675781,23741500
2023-08-07,328.369995117188,331.109985351562,327.519989013672,330.109985351562,321.873748779297,17741500
2023-08-08,326.959991455078,328.75,323,326.049987792969,317.9150390625,22327600
2023-08-09,326.470001220703,327.109985351562,321.049987792969,322.230010986328,314.190399169922,22373300
2023-08-10,326.019989013672,328.260009765625,321.179992675781,322.929992675781,314.872924804688,20113700
2023-08-11,320.260009765625,322.410003662109,319.209991455078,321.010009765625,313.000793457031,24355500
2023-08-14,321.390014648438,324.059997558594,320.079986572266,324.040008544922,315.955200195312,18836100
2023-08-15,323,325.089996337891,320.899993896484,321.859985351562,313.82958984375,16966300
2023-08-16,320.799987792969,324.420013427734,319.799987792969,320.399993896484,313.067504882812,20698900
2023-08-17,320.540008544922,321.869995117188,316.209991455078,316.880004882812,309.627990722656,21257200
2023-08-18,314.489990234375,318.380004882812,311.549987792969,316.480010986328,309.237152099609,24755000
2023-08-21,317.929992675781,322.769989013672,317.040008544922,321.880004882812,314.513549804688,24040000
2023-08-22,325.5,326.079986572266,321.459991455078,322.459991455078,315.080352783203,16084600
2023-08-23,323.820007324219,329.200012207031,323.459991455078,327,319.516448974609,21166400
2023-08-24,332.850006103516,332.980010986328,319.959991455078,319.970001220703,312.647338867188,23281400
2023-08-25,321.470001220703,325.359985351562,318.799987792969,322.980010986328,315.58837890625,21684100
2023-08-28,325.660003662109,326.149993896484,321.720001220703,323.700012207031,316.291900634766,14808500
2023-08-29,321.880004882812,328.980010986328,321.880004882812,328.410003662109,320.894134521484,19284600
2023-08-30,328.670013427734,329.809997558594,326.450012207031,328.790008544922,321.265441894531,15222100
2023-08-31,329.200012207031,330.910003662109,326.779998779297,327.760009765625,320.259033203125,26411000
2023-09-01,331.309997558594,331.989990234375,326.779998779297,328.660003662109,321.138427734375,14942000
2023-09-05,329,334.850006103516,328.660003662109,333.549987792969,325.916473388672,18553900
2023-09-06,333.380004882812,334.459991455078,330.179992675781,332.880004882812,325.261810302734,17535800
2023-09-07,331.290008544922,333.079986572266,329.029998779297,329.910003662109,322.35986328125,18381000
2023-09-08,330.089996337891,336.160003662109,329.459991455078,334.269989013672,326.619995117188,19530100
2023-09-11,337.239990234375,338.420013427734,335.429992675781,337.940002441406,330.2060546875,16583300
2023-09-12,335.820007324219,336.790008544922,331.480010986328,331.769989013672,324.177276611328,17565500
2023-09-13,331.309997558594,336.850006103516,331.170013427734,336.059997558594,328.369110107422,16544400
2023-09-14,339.149993896484,340.859985351562,336.570007324219,338.700012207031,330.948638916016,20267000
2023-09-15,336.920013427734,337.399993896484,329.649993896484,330.220001220703,322.662780761719,37679800
2023-09-18,327.799987792969,330.399993896484,326.359985351562,329.059997558594,321.529266357422,16834200
2023-09-19,326.170013427734,329.390014648438,324.510009765625,328.649993896484,321.128662109375,16505900
2023-09-20,329.510009765625,329.589996337891,320.510009765625,320.769989013672,313.428955078125,21436500
2023-09-21,319.260009765625,325.350006103516,315,319.529998779297,312.217346191406,35560400
2023-09-22,321.320007324219,321.450012207031,316.149993896484,317.010009765625,309.755096435547,21447900
2023-09-25,316.589996337891,317.670013427734,315,317.540008544922,310.272888183594,17836000
2023-09-26,315.130004882812,315.880004882812,310.019989013672,312.140014648438,304.996459960938,26297600
2023-09-27,312.299987792969,314.299987792969,309.690002441406,312.790008544922,305.631683349609,19410100
2023-09-28,310.989990234375,315.480010986328,309.450012207031,313.640014648438,306.462158203125,19683600
2023-09-29,317.75,319.470001220703,314.980010986328,315.75,308.52392578125,24147300
2023-10-02,316.279998779297,321.890014648438,315.179992675781,321.799987792969,314.435424804688,20570000
2023-10-03,320.829986572266,321.390014648438,311.209991455078,313.390014648438,306.217864990234,21033500
2023-10-04,314.029998779297,320.040008544922,314,318.959991455078,311.660339355469,20720100
2023-10-05,319.089996337891,319.980010986328,314.899993896484,319.359985351562,312.05126953125,16965600
2023-10-06,316.549987792969,329.190002441406,316.299987792969,327.260009765625,319.770446777344,25673600
2023-10-09,324.75,330.299987792969,323.179992675781,329.820007324219,322.271911621094,19891200
2023-10-10,330.959991455078,331.100006103516,327.670013427734,328.390014648438,320.874633789062,20557100
2023-10-11,331.209991455078,332.820007324219,329.140014648438,332.420013427734,324.812347412109,20063200
2023-10-12,330.570007324219,333.630004882812,328.720001220703,331.160003662109,323.581207275391,19313100
2023-10-13,332.380004882812,333.829986572266,326.359985351562,327.730010986328,320.229675292969,21072400
2023-10-16,331.049987792969,336.140014648438,330.600006103516,332.640014648438,325.027374267578,22158000
2023-10-17,329.589996337891,333.459991455078,327.410003662109,332.059997558594,324.460601806641,18338500
2023-10-18,332.489990234375,335.589996337891,328.299987792969,330.109985351562,322.555236816406,23153600
2023-10-19,332.149993896484,336.880004882812,330.910003662109,331.320007324219,323.737579345703,25052100
2023-10-20,331.720001220703,331.920013427734,325.450012207031,326.670013427734,319.194000244141,25027700
2023-10-23,325.470001220703,332.730010986328,324.390014648438,329.320007324219,321.783325195312,24374700
2023-10-24,331.299987792969,331.839996337891,327.600006103516,330.529998779297,322.965576171875,31153600
2023-10-25,345.019989013672,346.200012207031,337.619995117188,340.670013427734,332.873565673828,55053800
2023-10-26,340.540008544922,341.630004882812,326.940002441406,327.890014648438,320.386108398438,37828500
2023-10-27,330.429992675781,336.720001220703,328.399993896484,329.809997558594,322.262115478516,29856500
2023-10-30,333.410003662109,339.450012207031,331.829986572266,337.309997558594,329.590484619141,22828100
2023-10-31,338.850006103516,339,334.690002441406,338.109985351562,330.372100830078,20265300
2023-11-01,339.790008544922,347.420013427734,339.649993896484,346.070007324219,338.149963378906,28158800
2023-11-02,347.239990234375,348.829986572266,344.769989013672,348.320007324219,340.348510742188,24348100
2023-11-03,349.630004882812,354.390014648438,347.329986572266,352.799987792969,344.725952148438,23637700
2023-11-06,353.450012207031,357.540008544922,353.350006103516,356.529998779297,348.370666503906,23828300
2023-11-07,359.399993896484,362.459991455078,357.630004882812,360.529998779297,352.279083251953,25833900
2023-11-08,361.679992675781,363.869995117188,360.549987792969,363.200012207031,354.887939453125,26767800
2023-11-09,362.299987792969,364.790008544922,360.359985351562,360.690002441406,352.435394287109,24847300
2023-11-10,361.489990234375,370.100006103516,361.070007324219,369.670013427734,361.209899902344,28042100
2023-11-13,368.220001220703,368.470001220703,365.899993896484,366.679992675781,358.288299560547,19986500
2023-11-14,371.010009765625,371.950012207031,367.350006103516,370.269989013672,361.796112060547,27683900
2023-11-15,371.279998779297,373.130004882812,367.109985351562,369.670013427734,361.943023681641,26860100
2023-11-16,370.959991455078,376.350006103516,370.179992675781,376.170013427734,368.307189941406,27182300
2023-11-17,373.609985351562,374.369995117188,367,369.850006103516,362.119232177734,40157000
2023-11-20,371.220001220703,378.869995117188,371,377.440002441406,369.550598144531,52465100
2023-11-21,375.670013427734,376.220001220703,371.119995117188,373.070007324219,365.272003173828,28423100
2023-11-22,378,379.790008544922,374.970001220703,377.850006103516,369.952087402344,23345300
2023-11-24,377.329986572266,377.970001220703,375.140014648438,377.429992675781,369.540802001953,10176600
2023-11-27,376.779998779297,380.640014648438,376.200012207031,378.609985351562,370.696136474609,22179200
2023-11-28,378.350006103516,383,378.160003662109,382.700012207031,374.700653076172,20453100
2023-11-29,383.760009765625,384.299987792969,377.440002441406,378.850006103516,370.93115234375,28963400
2023-11-30,378.489990234375,380.089996337891,375.470001220703,378.910003662109,370.989898681641,30554400
2023-12-01,376.760009765625,378.160003662109,371.309997558594,374.510009765625,366.681915283203,33040500
2023-12-04,369.100006103516,369.519989013672,362.899993896484,369.140014648438,361.424133300781,32063300
2023-12-05,366.450012207031,373.079986572266,365.619995117188,372.519989013672,364.733428955078,23065000
2023-12-06,373.540008544922,374.179992675781,368.029998779297,368.799987792969,361.091156005859,21182100
2023-12-07,368.230010986328,371.450012207031,366.320007324219,370.950012207031,363.1962890625,23118900
2023-12-08,369.200012207031,374.459991455078,368.230010986328,374.230010986328,366.40771484375,20154400
2023-12-11,368.480010986328,371.600006103516,366.100006103516,371.299987792969,363.538909912109,27708800
2023-12-12,370.850006103516,374.420013427734,370.459991455078,374.380004882812,366.554565429688,24838300
2023-12-13,376.019989013672,377.640014648438,370.769989013672,374.369995117188,366.544799804688,30955500
2023-12-14,373.309997558594,373.760009765625,364.130004882812,365.929992675781,358.281219482422,43277500
2023-12-15,366.850006103516,372.399993896484,366.279998779297,370.730010986328,362.980865478516,78502300
2023-12-18,369.450012207031,373,368.679992675781,372.649993896484,364.860717773438,21802900
2023-12-19,371.489990234375,373.260009765625,369.839996337891,373.260009765625,365.457977294922,20603700
2023-12-20,375,376.029998779297,370.529998779297,370.619995117188,362.873168945312,26316700
2023-12-21,372.559997558594,374.410003662109,370.040008544922,373.540008544922,365.732147216797,17708000
2023-12-22,373.679992675781,375.179992675781,372.709991455078,374.579986572266,366.750366210938,17107500
2023-12-26,375,376.940002441406,373.5,374.660003662109,366.828765869141,12673100
2023-12-27,373.690002441406,375.059997558594,372.809997558594,374.070007324219,366.251037597656,14905400
2023-12-28,375.369995117188,376.459991455078,374.160003662109,375.279998779297,367.435760498047,14327000
2023-12-29,376,377.160003662109,373.480010986328,376.040008544922,368.179870605469,18730800
2024-01-02,373.859985351562,375.899993896484,366.769989013672,370.869995117188,363.117919921875,25258600
2024-01-03,369.010009765625,373.260009765625,368.510009765625,370.600006103516,362.853576660156,23083500
2024-01-04,370.670013427734,373.100006103516,367.170013427734,367.940002441406,360.249145507812,20901500
2024-01-05,368.970001220703,372.059997558594,366.5,367.75,360.063110351562,21004600
2024-01-08,369.299987792969,375.200012207031,369.010009765625,374.690002441406,366.858093261719,23134000
2024-01-09,372.010009765625,375.989990234375,371.190002441406,375.790008544922,367.935089111328,20830000
2024-01-10,376.369995117188,384.170013427734,376.320007324219,382.769989013672,374.769134521484,25514200
2024-01-11,386,390.679992675781,380.380004882812,384.630004882812,376.59033203125,27850800
2024-01-12,385.489990234375,388.679992675781,384.649993896484,388.470001220703,380.350036621094,21661200
2024-01-16,393.660003662109,394.029998779297,387.619995117188,390.269989013672,382.112396240234,27202300
2024-01-17,387.980010986328,390.109985351562,384.809997558594,389.470001220703,381.329162597656,22234100
2024-01-18,391.720001220703,393.989990234375,390.119995117188,393.869995117188,385.63720703125,23392100
2024-01-19,395.760009765625,398.670013427734,393.5,398.670013427734,390.336791992188,29331100
2024-01-22,400.019989013672,400.619995117188,393.589996337891,396.510009765625,388.221984863281,27016900
2024-01-23,395.75,399.380004882812,393.929992675781,398.899993896484,390.561981201172,20525900
2024-01-24,401.540008544922,405.630004882812,400.450012207031,402.559997558594,394.145538330078,24867000
2024-01-25,404.320007324219,407.010009765625,402.529998779297,404.869995117188,396.407257080078,21021200
2024-01-26,404.369995117188,406.170013427734,402.429992675781,403.929992675781,395.486877441406,17803300
2024-01-29,406.059997558594,409.980010986328,404.329986572266,409.720001220703,401.155883789062,24510200
2024-01-30,412.260009765625,413.049987792969,406.450012207031,408.589996337891,400.049468994141,33477600
2024-01-31,406.959991455078,415.320007324219,397.209991455078,397.579986572266,389.269653320312,47871100
2024-02-01,401.829986572266,408,401.799987792969,403.779998779297,395.340026855469,30657700
2024-02-02,403.809997558594,412.649993896484,403.559997558594,411.220001220703,402.624542236328,28256700
2024-02-05,409.899993896484,411.160003662109,403.989990234375,405.649993896484,397.170989990234,25352300
2024-02-06,405.880004882812,407.970001220703,402.910003662109,405.489990234375,397.014221191406,18382600
2024-02-07,407.440002441406,414.299987792969,407.399993896484,414.049987792969,405.395355224609,22340500
2024-02-08,414.049987792969,415.559997558594,412.529998779297,414.109985351562,405.4541015625,21225300
2024-02-09,415.25,420.820007324219,415.089996337891,420.549987792969,411.759490966797,22032800
2024-02-12,420.559997558594,420.739990234375,414.75,415.260009765625,406.580047607422,21202900
2024-02-13,404.940002441406,410.070007324219,403.390014648438,406.320007324219,397.826995849609,27824900
2024-02-14,408.070007324219,409.839996337891,404.570007324219,409.489990234375,401.672119140625,20401200
2024-02-15,408.140014648438,409.130004882812,404.290008544922,406.559997558594,398.798065185547,21825500
2024-02-16,407.959991455078,408.290008544922,403.440002441406,404.059997558594,396.345794677734,22296500
2024-02-20,403.239990234375,404.489990234375,398.010009765625,402.790008544922,395.100036621094,24307900
2024-02-21,400.170013427734,402.290008544922,397.220001220703,402.179992675781,394.501647949219,18518900
2024-02-22,410.190002441406,412.829986572266,408.570007324219,411.649993896484,403.790863037109,27009900
2024-02-23,415.670013427734,415.859985351562,408.970001220703,410.339996337891,402.505798339844,16295900
2024-02-26,411.459991455078,412.160003662109,407.359985351562,407.540008544922,399.759368896484,16193500
2024-02-27,407.989990234375,408.320007324219,403.850006103516,407.480010986328,399.700439453125,14835800
2024-02-28,408.179992675781,409.299987792969,405.320007324219,407.720001220703,399.935852050781,13183100
2024-02-29,408.640014648438,414.200012207031,405.920013427734,413.640014648438,405.742889404297,31947300
2024-03-01,411.269989013672,415.869995117188,410.880004882812,415.5,407.5673828125,17823400
2024-03-04,413.440002441406,417.350006103516,412.320007324219,414.920013427734,406.998504638672,17596000
2024-03-05,413.959991455078,414.25,400.640014648438,402.649993896484,394.962646484375,26919200
2024-03-06,402.970001220703,405.160003662109,398.390014648438,402.089996337891,394.413391113281,22344100
2024-03-07,406.119995117188,409.779998779297,402.239990234375,409.140014648438,401.328826904297,18718500
2024-03-08,407.959991455078,410.420013427734,404.329986572266,406.220001220703,398.464538574219,18002200
2024-03-11,403.760009765625,405.679992675781,401.260009765625,404.519989013672,396.796997070312,16120800
2024-03-12,407.619995117188,415.570007324219,406.790008544922,415.279998779297,407.351593017578,22457000
2024-03-13,418.100006103516,418.179992675781,411.450012207031,415.100006103516,407.174987792969,17115900
2024-03-14,420.239990234375,427.820007324219,417.989990234375,425.220001220703,417.101776123047,34157300
2024-03-15,419.290008544922,422.600006103516,412.790008544922,416.420013427734,408.469818115234,45079900
2024-03-18,414.25,420.730010986328,413.779998779297,417.320007324219,409.352569580078,20106000
2024-03-19,417.829986572266,421.670013427734,415.549987792969,421.410003662109,413.364532470703,19837900
2024-03-20,422,425.959991455078,420.660003662109,425.230010986328,417.111602783203,17860100
2024-03-21,429.829986572266,430.820007324219,427.160003662109,429.369995117188,421.172515869141,21296200
2024-03-22,429.700012207031,429.859985351562,426.070007324219,428.739990234375,420.554656982422,17648500
2024-03-25,425.239990234375,427.410003662109,421.609985351562,422.859985351562,414.786834716797,18060500
2024-03-26,425.609985351562,425.989990234375,421.350006103516,421.649993896484,413.599914550781,16725600
2024-03-27,424.440002441406,424.450012207031,419.010009765625,421.429992675781,413.384155273438,16705000
2024-03-28,420.959991455078,421.869995117188,419.119995117188,420.720001220703,412.687652587891,21871200
2024-04-01,423.950012207031,427.890014648438,422.220001220703,424.570007324219,416.464202880859,16316000
2024-04-02,420.109985351562,422.380004882812,417.839996337891,421.440002441406,413.393890380859,17912000
2024-04-03,419.730010986328,423.260009765625,419.089996337891,420.450012207031,412.4228515625,16502300
2024-04-04,424.989990234375,428.670013427734,417.570007324219,417.880004882812,409.901977539062,19370900
2024-04-05,420.010009765625,426.510009765625,418.320007324219,425.519989013672,417.396087646484,16554800
2024-04-08,425.170013427734,427.279998779297,423.299987792969,424.589996337891,416.483825683594,14272400
2024-04-09,426.440002441406,427.739990234375,421.619995117188,426.279998779297,418.141571044922,12496900
2024-04-10,422.190002441406,424.029998779297,419.700012207031,423.260009765625,415.179168701172,16216600
2024-04-11,425.820007324219,429.369995117188,422.359985351562,427.929992675781,419.760040283203,17966400
2024-04-12,424.049987792969,425.179992675781,419.769989013672,421.899993896484,413.845153808594,19253800
2024-04-15,426.600006103516,426.820007324219,413.429992675781,413.640014648438,405.742889404297,20273500
2024-04-16,414.570007324219,418.399993896484,413.730010986328,414.579986572266,406.664825439453,16765600
2024-04-17,417.25,418.880004882812,410.329986572266,411.839996337891,403.977264404297,15855500
2024-04-18,410.630004882812,411.890014648438,403.950012207031,404.269989013672,396.5517578125,21029900
2024-04-19,404.029998779297,405.480010986328,397.769989013672,399.119995117188,391.500091552734,30565800
2024-04-22,400.079986572266,402.850006103516,395.75,400.959991455078,393.304992675781,20286900
2024-04-23,404.239990234375,408.200012207031,403.059997558594,407.570007324219,399.788787841797,15734500
2024-04-24,409.559997558594,412.470001220703,406.779998779297,409.059997558594,401.250366210938,15065300
2024-04-25,394.029998779297,399.890014648438,388.029998779297,399.040008544922,391.421600341797,40586500
2024-04-26,412.170013427734,413,405.760009765625,406.320007324219,398.562652587891,29694700
2024-04-29,405.25,406.320007324219,399.190002441406,402.25,394.570343017578,19582100
2024-04-30,401.489990234375,402.160003662109,389.170013427734,389.329986572266,381.89697265625,28781400
2024-05-01,392.609985351562,401.720001220703,390.309997558594,394.940002441406,387.39990234375,23562500
2024-05-02,397.660003662109,399.929992675781,394.649993896484,397.839996337891,390.244506835938,17709400
2024-05-03,402.279998779297,407.149993896484,401.859985351562,406.660003662109,398.896087646484,17446700
2024-05-06,408.760009765625,413.929992675781,406.369995117188,413.540008544922,405.644805908203,16996600
2024-05-07,414.660003662109,414.670013427734,409.089996337891,409.339996337891,401.524963378906,20018200
2024-05-08,408.170013427734,412.230010986328,406.709991455078,410.540008544922,402.701995849609,11792300
2024-05-09,410.570007324219,412.720001220703,409.100006103516,412.320007324219,404.448059082031,14689700
2024-05-10,412.940002441406,415.380004882812,411.799987792969,414.739990234375,406.821899414062,13402300
2024-05-13,418.010009765625,418.350006103516,410.820007324219,413.720001220703,405.821319580078,15440200
2024-05-14,412.019989013672,417.489990234375,411.549987792969,416.559997558594,408.607116699219,15109300
2024-05-15,417.899993896484,423.809997558594,417.269989013672,423.079986572266,415.751159667969,22239500
2024-05-16,421.799987792969,425.420013427734,420.350006103516,420.989990234375,413.697387695312,17530100
2024-05-17,422.540008544922,422.920013427734,418.029998779297,420.209991455078,412.930908203125,15352200
2024-05-20,420.209991455078,426.769989013672,419.989990234375,425.339996337891,417.972015380859,16272100
2024-05-21,426.829986572266,432.970001220703,424.850006103516,429.040008544922,421.608001708984,21453300
2024-05-22,430.089996337891,432.410003662109,427.130004882812,430.519989013672,423.062316894531,18073700
2024-05-23,432.970001220703,433.600006103516,425.420013427734,427,419.603302001953,17211700
2024-05-24,427.190002441406,431.059997558594,424.410003662109,430.160003662109,422.708557128906,11855300
2024-05-28,429.630004882812,430.820007324219,426.600006103516,430.320007324219,422.865783691406,15718000
2024-05-29,425.690002441406,430.940002441406,425.690002441406,429.170013427734,421.735687255859,15517100
2024-05-30,424.299987792969,424.299987792969,414.239990234375,414.670013427734,407.486907958984,28394500
2024-05-31,416.75,416.75,404.510009765625,415.130004882812,407.938934326172,47995300
2024-06-03,415.529998779297,416.429992675781,408.920013427734,413.519989013672,406.356781005859,17484700
2024-06-04,412.429992675781,416.440002441406,409.679992675781,416.070007324219,408.862640380859,14348900
2024-06-05,417.809997558594,424.079986572266,416.299987792969,424.010009765625,416.665130615234,16988000
2024-06-06,424.010009765625,425.309997558594,420.579986572266,424.519989013672,417.166198730469,14861300
2024-06-07,426.200012207031,426.279998779297,423,423.850006103516,416.507873535156,13621700
2024-06-10,424.700012207031,428.079986572266,423.890014648438,427.869995117188,420.458221435547,13982900
2024-06-11,425.480010986328,432.820007324219,425.25,432.679992675781,425.184875488281,14551100
2024-06-12,435.320007324219,443.399993896484,433.25,441.059997558594,433.419738769531,22366200
2024-06-13,440.850006103516,443.390014648438,439.369995117188,441.579986572266,433.930725097656,15960600
2024-06-14,438.279998779297,443.140014648438,436.720001220703,442.570007324219,434.903625488281,13582000
2024-06-17,442.589996337891,450.940002441406,440.720001220703,448.369995117188,440.603149414062,20790000
2024-06-18,449.709991455078,450.140014648438,444.890014648438,446.339996337891,438.608245849609,17112500
2024-06-20,446.299987792969,446.529998779297,441.269989013672,445.700012207031,437.979370117188,19877400
2024-06-21,447.380004882812,450.579986572266,446.510009765625,449.779998779297,441.988708496094,34187100
2024-06-24,449.799987792969,452.75,446.410003662109,447.670013427734,439.915252685547,15913700
2024-06-25,448.25,451.420013427734,446.75,450.950012207031,443.138397216797,16413400
2024-06-26,449,453.600006103516,448.190002441406,452.160003662109,444.327453613281,16507000
2024-06-27,452.179992675781,456.170013427734,451.769989013672,452.850006103516,445.005493164062,14806300
2024-06-28,453.070007324219,455.380004882812,446.410003662109,446.950012207031,439.207702636719,28362300
2024-07-01,448.660003662109,457.369995117188,445.660003662109,456.730010986328,448.818328857422,17662800
2024-07-02,453.200012207031,459.589996337891,453.109985351562,459.279998779297,451.324096679688,13979800
2024-07-03,458.190002441406,461.019989013672,457.880004882812,460.769989013672,452.788299560547,9932800
2024-07-05,459.609985351562,468.350006103516,458.970001220703,467.559997558594,459.460723876953,16000300
2024-07-08,466.549987792969,467.700012207031,464.459991455078,466.239990234375,458.16357421875,12962300
2024-07-09,467,467.329986572266,458,459.540008544922,451.579650878906,17207200
2024-07-10,461.220001220703,466.459991455078,458.859985351562,466.25,458.173370361328,18196100
2024-07-11,462.980010986328,464.779998779297,451.549987792969,454.700012207031,446.823486328125,23111200
2024-07-12,454.329986572266,456.359985351562,450.649993896484,453.549987792969,445.693389892578,16324300
2024-07-15,453.299987792969,457.260009765625,451.429992675781,453.959991455078,446.096282958984,14429400
2024-07-16,454.220001220703,454.299987792969,446.660003662109,449.519989013672,441.733184814453,17175700
2024-07-17,442.589996337891,444.850006103516,439.179992675781,443.519989013672,435.837097167969,21778000
2024-07-18,444.339996337891,444.649993896484,434.399993896484,440.369995117188,432.74169921875,20794800
2024-07-19,433.100006103516,441.140014648438,432,437.109985351562,429.538208007812,20940400
2024-07-22,441.790008544922,444.600006103516,438.910003662109,442.940002441406,435.267120361328,15808800
2024-07-23,443.899993896484,448.390014648438,443.100006103516,444.850006103516,437.144073486328,13107100
2024-07-24,440.450012207031,441.480010986328,427.589996337891,428.899993896484,421.470336914062,26805800
2024-07-25,428.799987792969,429.799987792969,417.510009765625,418.399993896484,411.152252197266,29943800
2024-07-26,418.200012207031,428.920013427734,417.269989013672,425.269989013672,417.903259277344,23583800
2024-07-29,431.579986572266,432.149993896484,424.700012207031,426.730010986328,419.337951660156,15125800
2024-07-30,427.720001220703,429.049987792969,417.359985351562,422.920013427734,415.593933105469,32687600
2024-07-31,420.5,421.779998779297,412.209991455078,418.350006103516,411.103149414062,42891400
2024-08-01,420.790008544922,427.459991455078,413.089996337891,417.109985351562,409.884582519531,30296400
2024-08-02,412.489990234375,415,404.339996337891,408.489990234375,401.413909912109,29437900
2024-08-05,389.170013427734,401.040008544922,385.579986572266,395.149993896484,388.304931640625,40709200
2024-08-06,400,405.670013427734,398.5,399.609985351562,392.687744140625,24946500
2024-08-07,408.640014648438,410.079986572266,397.470001220703,398.429992675781,391.528198242188,20650900
2024-08-08,402.440002441406,405.859985351562,399.940002441406,402.690002441406,395.714447021484,20203000
2024-08-09,404.029998779297,408.049987792969,402.260009765625,406.019989013672,398.986724853516,19276700
2024-08-12,407.059997558594,408.760009765625,404.239990234375,406.809997558594,399.763031005859,16762900
2024-08-13,409.589996337891,414.950012207031,409.570007324219,414.010009765625,406.838287353516,19414300
2024-08-14,414.799987792969,417.720001220703,412.450012207031,416.859985351562,409.638946533203,18267000
2024-08-15,419.799987792969,421.109985351562,417.660003662109,421.029998779297,414.482452392578,20752100
2024-08-16,420.600006103516,421.339996337891,417.299987792969,418.470001220703,411.962249755859,22775600
2024-08-19,418.959991455078,421.75,416.459991455078,421.529998779297,414.974639892578,15234000
2024-08-20,421.700012207031,425.859985351562,421.640014648438,424.799987792969,418.193786621094,16387600
2024-08-21,424.079986572266,426.399993896484,421.720001220703,424.140014648438,417.544097900391,16067300
2024-08-22,424.359985351562,426.790008544922,414.609985351562,415.549987792969,409.087615966797,19361900
2024-08-23,416.980010986328,419.260009765625,412.089996337891,416.790008544922,410.308380126953,18493800
2024-08-26,416.369995117188,417.279998779297,411.339996337891,413.489990234375,407.059722900391,13152800
2024-08-27,412.859985351562,414.359985351562,410.25,413.839996337891,407.404266357422,13492900
2024-08-28,414.880004882812,415,407.309997558594,410.600006103516,404.214630126953,14882700
2024-08-29,414.940002441406,422.049987792969,410.600006103516,413.119995117188,406.695434570312,17045200
2024-08-30,415.600006103516,417.489990234375,412.130004882812,417.140014648438,410.652923583984,24308300
2024-09-03,417.910003662109,419.880004882812,407.029998779297,409.440002441406,403.072631835938,20313600
2024-09-04,405.910003662109,411.239990234375,404.369995117188,408.899993896484,402.541046142578,15135800
2024-09-05,407.619995117188,413.100006103516,406.130004882812,408.390014648438,402.038970947266,14195500
2024-09-06,409.059997558594,410.649993896484,400.799987792969,401.700012207031,395.453094482422,19609500
2024-09-09,407.239990234375,408.649993896484,402.149993896484,405.720001220703,399.410522460938,15295100
2024-09-10,408.200012207031,416.329986572266,407.700012207031,414.200012207031,407.758697509766,19594300
2024-09-11,415.5,423.989990234375,409.579986572266,423.040008544922,416.461151123047,19266900
2024-09-12,423.309997558594,427.369995117188,419.75,427,420.359588623047,17395700
2024-09-13,425.829986572266,431.829986572266,425.459991455078,430.589996337891,423.893768310547,15874600
2024-09-16,430.600006103516,433.529998779297,428.220001220703,431.339996337891,424.632110595703,13834700
2024-09-17,440.230010986328,441.850006103516,432.269989013672,435.149993896484,428.3828125,18874200
2024-09-18,435,436.029998779297,430.410003662109,430.809997558594,424.110321044922,18898000
2024-09-19,441.230010986328,441.5,436.899993896484,438.690002441406,431.867797851562,21706600
2024-09-20,437.220001220703,439.239990234375,434.220001220703,435.269989013672,428.5009765625,55167100
2024-09-23,434.279998779297,436.459991455078,430.390014648438,433.510009765625,426.768371582031,15128900
2024-09-24,433,433.350006103516,426.100006103516,429.170013427734,422.495819091797,17015800
2024-09-25,429.829986572266,433.119995117188,428.570007324219,432.109985351562,425.390106201172,13396400
2024-09-26,435.089996337891,435.299987792969,429.130004882812,431.309997558594,424.602630615234,14492000
2024-09-27,431.519989013672,431.850006103516,427.470001220703,428.019989013672,421.363739013672,14896100
2024-09-30,428.209991455078,430.420013427734,425.369995117188,430.299987792969,423.608215332031,16807300
2024-10-01,428.450012207031,428.480010986328,418.809997558594,420.690002441406,414.147705078125,19092900
2024-10-02,422.579986572266,422.820007324219,416.709991455078,417.130004882812,410.643127441406,16582300
2024-10-03,417.630004882812,419.549987792969,414.290008544922,416.540008544922,410.062286376953,13686400
2024-10-04,418.239990234375,419.75,414.970001220703,416.059997558594,409.589691162109,19169700
2024-10-07,416,417.109985351562,409,409.540008544922,403.171112060547,20919800
2024-10-08,410.899993896484,415.660003662109,408.170013427734,414.709991455078,408.2607421875,19229300
2024-10-09,415.859985351562,420.380004882812,414.299987792969,417.459991455078,410.967926025391,14974300
2024-10-10,415.230010986328,417.350006103516,413.149993896484,415.839996337891,409.373107910156,13848400
2024-10-11,416.140014648438,417.130004882812,413.25,416.320007324219,409.845733642578,14144900
2024-10-14,417.769989013672,424.040008544922,417.519989013672,419.140014648438,412.621826171875,16653100
2024-10-15,422.179992675781,422.480010986328,415.260009765625,418.739990234375,412.227996826172,18900200
2024-10-16,415.170013427734,416.359985351562,410.480010986328,416.119995117188,409.648803710938,15508900
2024-10-17,422.359985351562,422.5,415.589996337891,416.720001220703,410.239471435547,14820000
2024-10-18,417.140014648438,419.649993896484,416.260009765625,418.160003662109,411.657073974609,17145300
2024-10-21,416.119995117188,418.959991455078,413.75,418.779998779297,412.267456054688,14206100
2024-10-22,418.489990234375,430.579986572266,418.040008544922,427.510009765625,420.861694335938,25482200
2024-10-23,430.859985351562,431.079986572266,422.529998779297,424.600006103516,417.996917724609,19654400
2024-10-24,425.329986572266,425.980010986328,422.399993896484,424.730010986328,418.124908447266,13581600
2024-10-25,426.760009765625,432.519989013672,426.570007324219,428.149993896484,421.491729736328,16899100
2024-10-28,431.660003662109,431.940002441406,426.299987792969,426.589996337891,419.955963134766,14882400
2024-10-29,428,433.170013427734,425.799987792969,431.950012207031,425.232666015625,17644100
2024-10-30,437.440002441406,438.5,432.100006103516,432.529998779297,425.803588867188,29749100
2024-10-31,415.359985351562,416.160003662109,406.299987792969,406.350006103516,400.030700683594,53971000
2024-11-01,409.010009765625,415.5,407.5,410.369995117188,403.988220214844,24230400
2024-11-04,409.799987792969,410.420013427734,405.570007324219,408.459991455078,402.107879638672,19672300
2024-11-05,408.369995117188,414.899993896484,408.079986572266,411.459991455078,405.061248779297,17626000
2024-11-06,412.420013427734,420.450012207031,410.519989013672,420.179992675781,413.645629882812,26681800
2024-11-07,421.279998779297,426.850006103516,419.880004882812,425.429992675781,418.81396484375,19901800
2024-11-08,425.320007324219,426.5,421.779998779297,422.540008544922,415.968933105469,16891400
2024-11-11,422.519989013672,424.809997558594,416,418.010009765625,411.509368896484,24503300
2024-11-12,418.25,424.440002441406,417.200012207031,423.029998779297,416.451293945312,19401200
2024-11-13,421.640014648438,429.329986572266,418.209991455078,425.200012207031,418.587615966797,21502200
2024-11-14,425,428.170013427734,420,426.890014648438,420.251342773438,30246900
2024-11-15,419.820007324219,422.799987792969,413.640014648438,415,408.546234130859,28247600
2024-11-18,414.869995117188,418.399993896484,412.100006103516,415.760009765625,409.294403076172,24727000
2024-11-19,413.109985351562,417.940002441406,411.549987792969,417.790008544922,411.292816162109,18133500
2024-11-20,416.869995117188,417.290008544922,410.579986572266,415.489990234375,409.028594970703,19191700
2024-11-21,419.5,419.779998779297,410.290008544922,412.869995117188,407.262878417969,20780200
2024-11-22,411.369995117188,417.399993896484,411.059997558594,417,411.336822509766,24814600
2024-11-25,418.380004882812,421.079986572266,414.850006103516,418.790008544922,413.102478027344,27691100
2024-11-26,419.589996337891,429.040008544922,418.850006103516,427.989990234375,422.177551269531,23458900
2024-11-27,425.109985351562,427.230010986328,422.019989013672,422.989990234375,417.245452880859,18332400
2024-11-29,420.089996337891,424.880004882812,417.799987792969,423.459991455078,417.709075927734,16271900
2024-12-02,421.570007324219,433,421.309997558594,430.980010986328,425.126922607422,20207200
2024-12-03,429.839996337891,432.470001220703,427.739990234375,431.200012207031,425.343994140625,18302000
2024-12-04,433.029998779297,439.670013427734,432.630004882812,437.420013427734,431.4794921875,26009400
2024-12-05,437.920013427734,444.660003662109,436.170013427734,442.619995117188,436.608856201172,21697800
2024-12-06,442.299987792969,446.100006103516,441.769989013672,443.570007324219,437.545989990234,18821000
2024-12-09,442.600006103516,448.329986572266,440.5,446.019989013672,439.962677001953,19144400
2024-12-10,444.390014648438,449.619995117188,441.600006103516,443.329986572266,437.309173583984,18469500
2024-12-11,444.049987792969,450.350006103516,444.049987792969,448.989990234375,442.892333984375,19200200
2024-12-12,449.109985351562,456.160003662109,449.109985351562,449.559997558594,443.45458984375,20834800
2024-12-13,448.440002441406,451.429992675781,445.579986572266,447.269989013672,441.195678710938,20177800
2024-12-16,447.269989013672,452.179992675781,445.279998779297,451.589996337891,445.457000732422,23598800
2024-12-17,451.010009765625,455.290008544922,449.570007324219,454.459991455078,448.288055419922,22733500
2024-12-18,451.320007324219,452.649993896484,437.019989013672,437.390014648438,431.449920654297,24444500
2024-12-19,441.619995117188,443.179992675781,436.320007324219,437.029998779297,431.094818115234,22963700
2024-12-20,433.109985351562,443.739990234375,428.630004882812,436.600006103516,430.670623779297,64263700
2024-12-23,436.739990234375,437.649993896484,432.829986572266,435.25,429.338958740234,19152500
2024-12-24,434.649993896484,439.600006103516,434.190002441406,439.329986572266,433.363525390625,7164500
2024-12-26,439.079986572266,440.940002441406,436.630004882812,438.109985351562,432.160095214844,8194200
2024-12-27,434.600006103516,435.220001220703,426.350006103516,430.529998779297,424.683074951172,18117700
2024-12-30,426.059997558594,427.549987792969,421.899993896484,424.829986572266,419.060455322266,13158700
2024-12-31,426.100006103516,426.730010986328,420.660003662109,421.5,415.775665283203,13246500
2025-01-02,425.529998779297,426.070007324219,414.850006103516,418.579986572266,412.895355224609,16896500
2025-01-03,421.079986572266,424.029998779297,419.540008544922,423.350006103516,417.600555419922,16662900
2025-01-06,428,434.320007324219,425.480010986328,427.850006103516,422.039489746094,20573600
2025-01-07,429,430.649993896484,420.799987792969,422.369995117188,416.633850097656,18139100
2025-01-08,423.459991455078,426.970001220703,421.540008544922,424.559997558594,418.794158935547,15054600
2025-01-10,424.630004882812,424.709991455078,415.019989013672,418.950012207031,413.260345458984,20201100
2025-01-13,415.239990234375,418.5,412.290008544922,417.190002441406,411.524200439453,17604800
2025-01-14,417.809997558594,419.739990234375,410.720001220703,415.670013427734,410.02490234375,16935900
2025-01-15,419.130004882812,428.149993896484,418.269989013672,426.309997558594,420.520385742188,19637800
2025-01-16,428.700012207031,429.489990234375,424.390014648438,424.579986572266,418.813812255859,15300000
2025-01-17,434.089996337891,434.480010986328,428.170013427734,429.029998779297,423.203430175781,26197500
2025-01-21,430.200012207031,430.899993896484,425.600006103516,428.5,422.680633544922,26085700
2025-01-22,437.559997558594,447.269989013672,436,446.200012207031,440.140289306641,27803800
2025-01-23,442,446.75,441.5,446.709991455078,440.643341064453,18389300
2025-01-24,445.160003662109,446.649993896484,441.399993896484,444.059997558594,438.029296875,15549500
2025-01-27,424.010009765625,435.200012207031,423.5,434.559997558594,428.658325195312,35647800
2025-01-28,434.600006103516,448.380004882812,431.380004882812,447.200012207031,441.126708984375,23491700
2025-01-29,446.690002441406,446.880004882812,440.399993896484,442.329986572266,436.322814941406,23581400
2025-01-30,418.769989013672,422.859985351562,413.160003662109,414.989990234375,409.354125976562,54586300
2025-01-31,418.980010986328,420.690002441406,414.910003662109,415.059997558594,409.423156738281,34161900
2025-02-03,411.600006103516,415.410003662109,408.660003662109,410.920013427734,405.339385986328,25679100
2025-02-04,412.690002441406,413.920013427734,409.739990234375,412.369995117188,406.769683837891,20532100
2025-02-05,412.350006103516,413.829986572266,410.399993896484,413.290008544922,407.67724609375,16316700
2025-02-06,414,418.200012207031,414,415.820007324219,410.172821044922,16309800
2025-02-07,416.480010986328,418.649993896484,408.100006103516,409.75,404.185241699219,22886800
2025-02-10,413.709991455078,415.459991455078,410.920013427734,412.220001220703,406.621734619141,20817900
2025-02-11,409.640014648438,412.489990234375,409.299987792969,411.440002441406,405.852325439453,18140600
2025-02-12,407.209991455078,410.75,404.369995117188,409.040008544922,403.484924316406,19121700
2025-02-13,407,411,406.359985351562,410.540008544922,404.964538574219,23891700
2025-02-14,407.790008544922,408.910003662109,405.880004882812,408.429992675781,402.883178710938,22758500
2025-02-18,408,410.600006103516,406.5,409.640014648438,404.076751708984,21423100
2025-02-19,407.880004882812,415.489990234375,407.649993896484,414.769989013672,409.137084960938,24114200
2025-02-20,415.290008544922,419.309997558594,412.540008544922,416.130004882812,411.301696777344,23508700
2025-02-21,417.339996337891,418.049987792969,407.890014648438,408.209991455078,403.473571777344,27524800
2025-02-24,408.510009765625,409.369995117188,399.320007324219,404,399.312469482422,26443700
2025-02-25,401.100006103516,401.920013427734,396.700012207031,397.899993896484,393.283203125,29387400
2025-02-26,398.010009765625,403.600006103516,394.25,399.730010986328,395.091979980469,19619000
2025-02-27,401.269989013672,405.739990234375,392.170013427734,392.529998779297,387.975524902344,21127400
2025-02-28,392.660003662109,397.630004882812,386.570007324219,396.989990234375,392.383728027344,32845700
2025-03-03,398.820007324219,398.820007324219,386.160003662109,388.489990234375,383.982391357422,23007700
2025-03-04,383.399993896484,392.579986572266,381,388.609985351562,384.100921630859,29342900
2025-03-05,389.339996337891,401.670013427734,388.809997558594,401.019989013672,396.367004394531,23433100
2025-03-06,394.279998779297,402.149993896484,392.679992675781,396.890014648438,392.284973144531,23304600
2025-03-07,392.320007324219,394.799987792969,385.540008544922,393.309997558594,388.746459960938,22034100
2025-03-10,385.839996337891,386.399993896484,377.220001220703,380.160003662109,375.749053955078,32840100
2025-03-11,379,386,376.910003662109,380.450012207031,376.035705566406,30380200
2025-03-12,382.950012207031,385.220001220703,378.950012207031,383.269989013672,378.822967529297,24253600
2025-03-13,383.160003662109,385.320007324219,377.450012207031,378.769989013672,374.375152587891,20473000
2025-03-14,379.779998779297,390.230010986328,379.510009765625,388.559997558594,384.051544189453,19952800
2025-03-17,386.700012207031,392.709991455078,385.570007324219,388.700012207031,384.190002441406,22474300
2025-03-18,387.070007324219,387.369995117188,381.100006103516,383.519989013672,379.070007324219,19486900
2025-03-19,385.529998779297,389.679992675781,384,387.820007324219,383.320159912109,19185500
2025-03-20,385.739990234375,391.790008544922,383.279998779297,386.839996337891,382.3515625,18470500
2025-03-21,383.220001220703,391.739990234375,382.799987792969,391.260009765625,386.720275878906,39675900
2025-03-24,395.399993896484,395.399993896484,389.809997558594,393.079986572266,388.519104003906,21004500
2025-03-25,393.920013427734,396.359985351562,392.640014648438,395.160003662109,390.575042724609,15775000
2025-03-26,395,395.309997558594,388.570007324219,389.970001220703,385.445190429688,16108400
2025-03-27,390.130004882812,392.239990234375,387.399993896484,390.579986572266,386.048065185547,13766800
2025-03-28,388.079986572266,389.130004882812,376.929992675781,378.799987792969,374.404846191406,21632000
2025-03-31,372.540008544922,377.070007324219,367.239990234375,375.390014648438,371.034423828125,35184700
2025-04-01,374.649993896484,382.850006103516,373.230010986328,382.190002441406,377.755523681641,19689500
2025-04-02,377.970001220703,385.079986572266,376.619995117188,382.140014648438,377.706085205078,16092600
2025-04-03,374.790008544922,377.480010986328,369.350006103516,373.109985351562,368.780853271484,30198000
2025-04-04,364.130004882812,374.589996337891,359.480010986328,359.839996337891,355.664794921875,49209900
2025-04-07,350.880004882812,371,344.790008544922,357.859985351562,353.707794189453,50425000
2025-04-08,368.260009765625,373.649993896484,350.25,354.559997558594,350.446044921875,35868900
2025-04-09,353.540008544922,393.230010986328,353.100006103516,390.489990234375,385.959167480469,50199700
2025-04-10,382.059997558594,383.899993896484,367.799987792969,381.350006103516,376.925231933594,38024400
2025-04-11,380.640014648438,390.049987792969,378.890014648438,388.450012207031,383.942840576172,23839200
2025-04-14,393.220001220703,394.649993896484,384.209991455078,387.809997558594,383.310241699219,19251200
2025-04-15,388.510009765625,391.890014648438,384.160003662109,385.730010986328,381.25439453125,17199900
2025-04-16,380.670013427734,381.609985351562,368,371.609985351562,367.298217773438,21967800
2025-04-17,373.75,374.320007324219,366.890014648438,367.779998779297,363.512664794922,21120200
2025-04-21,362.820007324219,364.480010986328,355.670013427734,359.119995117188,354.953155517578,20807300
2025-04-22,363.380004882812,367.769989013672,359.859985351562,366.820007324219,362.563812255859,19485000
2025-04-23,376.059997558594,380.390014648438,373.019989013672,374.390014648438,370.045989990234,20545500
2025-04-24,375.700012207031,388.450012207031,375.190002441406,387.299987792969,382.806182861328,22232300
2025-04-25,387,392.160003662109,384.600006103516,391.850006103516,387.303436279297,18973200
2025-04-28,391.959991455078,392.739990234375,386.640014648438,391.160003662109,386.621429443359,16579400
2025-04-29,391.299987792969,395.100006103516,390.380004882812,394.040008544922,389.467956542969,14974000
2025-04-30,390.299987792969,396.660003662109,384.440002441406,395.260009765625,390.673828125,36461100
2025-05-01,431.109985351562,436.989990234375,424.899993896484,425.399993896484,420.464141845703,58938100
2025-05-02,431.739990234375,439.440002441406,429.989990234375,435.279998779297,430.229522705078,30757400
2025-05-05,432.869995117188,439.5,432.109985351562,436.170013427734,431.109191894531,20136100
2025-05-06,432.200012207031,437.730010986328,431.170013427734,433.309997558594,428.282318115234,15104200
2025-05-07,433.839996337891,438.119995117188,431.109985351562,433.350006103516,428.321868896484,23295300
2025-05-08,437.929992675781,443.670013427734,435.660003662109,438.170013427734,433.085968017578,23491300
2025-05-09,440,440.739990234375,435.880004882812,438.730010986328,433.639434814453,15324200
2025-05-12,445.940002441406,449.369995117188,439.779998779297,449.260009765625,444.047271728516,22821900
2025-05-13,447.779998779297,450.670013427734,445.359985351562,449.140014648438,443.928741455078,23618800
2025-05-14,448.140014648438,453.899993896484,448.140014648438,452.940002441406,447.6845703125,19902800
2025-05-15,450.769989013672,456.190002441406,450.429992675781,453.130004882812,448.694610595703,21992300
2025-05-16,452.049987792969,454.359985351562,448.730010986328,454.269989013672,449.823425292969,23849800
2025-05-19,450.880004882812,459.589996337891,450.799987792969,458.869995117188,454.37841796875,21336500
2025-05-20,455.589996337891,458.339996337891,454.320007324219,458.170013427734,453.685272216797,15441800
2025-05-21,454.570007324219,457.779998779297,451.809997558594,452.570007324219,448.140106201172,19216900
2025-05-22,454.950012207031,460.25,453.899993896484,454.859985351562,450.407653808594,18025600
2025-05-23,449.980010986328,453.690002441406,448.910003662109,450.179992675781,445.773468017578,16883500
2025-05-27,456.480010986328,460.950012207031,456.119995117188,460.690002441406,456.180633544922,20974300
2025-05-28,461.220001220703,462.519989013672,456.929992675781,457.359985351562,452.883178710938,17086300
2025-05-29,461.549987792969,461.720001220703,455.309997558594,458.679992675781,454.190277099609,13974800
2025-05-30,459.720001220703,461.679992675781,455.540008544922,460.359985351562,455.853790283203,34770500
2025-06-02,457.140014648438,462.109985351562,456.890014648438,461.970001220703,457.448059082031,16626500
2025-06-03,461.470001220703,464.140014648438,460.859985351562,462.970001220703,458.438293457031,15743800
2025-06-04,464,465.690002441406,463.019989013672,463.869995117188,459.329498291016,14162700
2025-06-05,464.959991455078,469.649993896484,464.029998779297,467.679992675781,463.102172851562,20131700
2025-06-06,470.089996337891,473.339996337891,468.779998779297,470.380004882812,465.775756835938,15285600
2025-06-09,469.700012207031,473.429992675781,468.619995117188,472.75,468.12255859375,16469900
2025-06-10,471.190002441406,472.799987792969,466.959991455078,470.920013427734,466.310455322266,15375900
2025-06-11,470.019989013672,475.470001220703,469.660003662109,472.619995117188,467.993835449219,16399200
2025-06-12,475.019989013672,480.420013427734,473.519989013672,478.869995117188,474.182647705078,18950600
2025-06-13,476.410003662109,479.179992675781,472.760009765625,474.959991455078,470.310913085938,16814500
2025-06-16,475.209991455078,480.690002441406,475,479.140014648438,474.449981689453,15626100
2025-06-17,475.399993896484,478.739990234375,474.079986572266,478.040008544922,473.360778808594,15414100
2025-06-18,478,481,474.459991455078,480.239990234375,475.539245605469,17526500
2025-06-20,482.230010986328,483.459991455078,476.869995117188,477.399993896484,472.72705078125,37576200
2025-06-23,478.209991455078,487.75,472.510009765625,486,481.242858886719,24864000
2025-06-24,488.950012207031,491.850006103516,486.799987792969,490.109985351562,485.312591552734,22305600
2025-06-25,492.040008544922,494.559997558594,489.390014648438,492.269989013672,487.451446533203,17495100
2025-06-26,492.980010986328,498.040008544922,492.809997558594,497.450012207031,492.580810546875,21578900
2025-06-27,497.549987792969,499.299987792969,493.029998779297,495.940002441406,491.085540771484,34539200
2025-06-30,497.040008544922,500.760009765625,495.329986572266,497.410003662109,492.541168212891,28369000
2025-07-01,496.470001220703,498.049987792969,490.980010986328,492.049987792969,487.233642578125,19945400
2025-07-02,489.989990234375,493.5,488.700012207031,491.089996337891,486.283020019531,16319600
2025-07-03,493.809997558594,500.130004882812,493.440002441406,498.839996337891,493.957153320312,13984800
2025-07-07,497.380004882812,498.75,495.230010986328,497.720001220703,492.84814453125,13981600
2025-07-08,497.239990234375,498.200012207031,494.109985351562,496.619995117188,491.758941650391,11846600
2025-07-09,500.299987792969,506.779998779297,499.739990234375,503.510009765625,498.581512451172,18659500
2025-07-10,503.049987792969,504.440002441406,497.75,501.480010986328,496.571380615234,16492100
2025-07-11,498.470001220703,505.029998779297,497.799987792969,503.320007324219,498.393371582031,16459500
2025-07-14,501.519989013672,503.970001220703,501.029998779297,503.019989013672,498.096252441406,12058800
2025-07-15,503.019989013672,508.299987792969,502.790008544922,505.820007324219,500.868835449219,14927200
2025-07-16,505.179992675781,506.720001220703,501.890014648438,505.619995117188,500.670806884766,15154400
2025-07-17,505.679992675781,513.369995117188,505.619995117188,511.700012207031,506.691314697266,17503100
2025-07-18,514.47998046875,514.640014648438,507.429992675781,510.049987792969,505.057434082031,21209700
2025-07-21,506.709991455078,512.090026855469,505.549987792969,510.059997558594,505.067352294922,14066800
2025-07-22,510.970001220703,511.200012207031,505.269989013672,505.269989013672,500.32421875,13868600
2025-07-23,506.75,506.790008544922,500.700012207031,505.869995117188,500.918365478516,16396600
2025-07-24,508.769989013672,513.669982910156,507.299987792969,510.880004882812,505.879333496094,16107000
2025-07-25,512.469970703125,518.289978027344,510.359985351562,513.710021972656,508.681640625,19125700
2025-07-28,514.080017089844,515,510.119995117188,512.5,507.483489990234,14308000
2025-07-29,515.530029296875,517.619995117188,511.559997558594,512.570007324219,507.552795410156,16469200
2025-07-30,515.169982910156,515.950012207031,509.440002441406,513.239990234375,508.216278076172,26380400
2025-07-31,555.22998046875,555.450012207031,531.900024414062,533.5,528.277893066406,51617300
2025-08-01,535,535.799987792969,520.859985351562,524.109985351562,518.979797363281,28977600
2025-08-04,528.27001953125,538.25,528.130004882812,535.640014648438,530.39697265625,25349000
2025-08-05,537.179992675781,537.299987792969,527.239990234375,527.75,522.584167480469,19171600
2025-08-06,530.900024414062,531.700012207031,524.030029296875,524.940002441406,519.8017578125,21355700
2025-08-07,526.799987792969,528.090026855469,517.549987792969,520.840026855469,515.741821289062,16079100
2025-08-08,522.599975585938,524.659973144531,519.409973144531,522.039978027344,516.929992675781,15531000
2025-08-11,522.299987792969,527.590026855469,519.719970703125,521.77001953125,516.662719726562,20194400
2025-08-12,523.75,530.97998046875,522.700012207031,529.239990234375,524.059631347656,18667000
2025-08-13,532.109985351562,532.700012207031,519.369995117188,520.580017089844,515.484436035156,19619200
2025-08-14,522.559997558594,525.950012207031,520.140014648438,522.47998046875,517.365783691406,20269100
2025-08-15,522.77001953125,526.099975585938,519.080017089844,520.169982910156,515.078369140625,25213300
2025-08-18,521.590026855469,522.820007324219,514.02001953125,517.099975585938,512.038452148438,23760600
2025-08-19,515,515.159973144531,508.549987792969,509.769989013672,504.780181884766,21481000
2025-08-20,509.869995117188,511,504.440002441406,505.720001220703,500.769866943359,27723000
2025-08-21,503.690002441406,507.630004882812,502.720001220703,504.239990234375,500.125091552734,18443300
2025-08-22,504.25,510.730010986328,502.410003662109,507.230010986328,503.090759277344,24324200
2025-08-25,506.630004882812,508.190002441406,504.119995117188,504.260009765625,500.144989013672,21638600
2025-08-26,504.359985351562,504.980010986328,498.510009765625,502.040008544922,497.943084716797,30835700
2025-08-27,502,507.290008544922,499.899993896484,506.739990234375,502.604736328125,17277900
2025-08-28,507.089996337891,511.089996337891,505.5,509.640014648438,505.481079101562,18015600
2025-08-29,508.660003662109,509.600006103516,504.489990234375,506.690002441406,502.555145263672,20961600
2025-09-02,500.470001220703,506,496.809997558594,505.119995117188,500.997924804688,18128000
2025-09-03,503.790008544922,507.790008544922,502.320007324219,505.350006103516,501.22607421875,16345100
2025-09-04,504.299987792969,508.149993896484,503.149993896484,507.970001220703,503.824737548828,15509500
2025-09-05,509.070007324219,511.970001220703,492.369995117188,495,490.960571289062,31994800
2025-09-08,498.109985351562,501.200012207031,495.029998779297,498.200012207031,494.134429931641,16771000
2025-09-09,501.429992675781,502.25,497.700012207031,498.410003662109,494.342712402344,14410500
2025-09-10,502.980010986328,503.230010986328,496.720001220703,500.369995117188,496.286743164062,21611800
2025-09-11,502.25,503.170013427734,497.880004882812,501.010009765625,496.921508789062,18881600
2025-09-12,506.649993896484,512.549987792969,503.850006103516,509.899993896484,505.738952636719,23624900
2025-09-15,508.790008544922,515.469970703125,507,515.359985351562,511.154357910156,17143800
2025-09-16,516.880004882812,517.22998046875,508.600006103516,509.040008544922,504.885955810547,19711900
2025-09-17,510.619995117188,511.290008544922,505.929992675781,510.019989013672,505.857940673828,15816600
2025-09-18,511.489990234375,513.070007324219,507.660003662109,508.450012207031,504.30078125,18913700
2025-09-19,510.559997558594,519.299987792969,510.309997558594,517.929992675781,513.703430175781,52474100
2025-09-22,515.590026855469,517.739990234375,512.539978027344,514.450012207031,510.251861572266,20009300
2025-09-23,513.799987792969,514.590026855469,507.309997558594,509.230010986328,505.074432373047,19799600
2025-09-24,510.380004882812,512.47998046875,506.920013427734,510.149993896484,505.986877441406,13533700
2025-09-25,508.299987792969,510.010009765625,505.040008544922,507.029998779297,502.892364501953,15786500
2025-09-26,510.059997558594,513.940002441406,506.619995117188,511.459991455078,507.286193847656,16213100
2025-09-29,511.5,516.849975585938,508.880004882812,514.599975585938,510.400543212891,17617800
2025-09-30,513.239990234375,518.159973144531,509.660003662109,517.950012207031,513.723266601562,19728200
2025-10-01,514.799987792969,520.510009765625,511.690002441406,519.710021972656,515.468872070312,22632300
2025-10-02,517.640014648438,521.599975585938,510.679992675781,515.739990234375,511.53125,21222900
2025-10-03,517.099975585938,520.489990234375,515,517.349975585938,513.128051757812,15112300
2025-10-06,518.609985351562,531.030029296875,518.200012207031,528.570007324219,524.256591796875,21388600
2025-10-07,528.289978027344,529.799987792969,521.440002441406,523.97998046875,519.704040527344,14615200
2025-10-08,523.280029296875,526.950012207031,523.090026855469,524.849975585938,520.56689453125,13363400
2025-10-09,522.340026855469,524.330017089844,517.400024414062,522.400024414062,518.136901855469,18343600
2025-10-10,519.640014648438,523.580017089844,509.630004882812,510.959991455078,506.790283203125,24133800
2025-10-13,516.409973144531,516.409973144531,511.679992675781,514.049987792969,509.855102539062,14284200
2025-10-14,510.230010986328,515.280029296875,506,513.570007324219,509.378936767578,14684300
2025-10-15,514.960021972656,517.190002441406,510,513.429992675781,509.240142822266,14694700
2025-10-16,512.580017089844,516.849975585938,508.130004882812,511.609985351562,507.434936523438,15559600
2025-10-17,509.040008544922,515.47998046875,507.309997558594,513.580017089844,509.388946533203,19867800
2025-10-20,514.609985351562,518.700012207031,513.429992675781,516.789978027344,512.572631835938,14665600
2025-10-21,517.5,518.690002441406,513.039978027344,517.659973144531,513.435607910156,15586200
2025-10-22,521.150024414062,525.22998046875,517.710021972656,520.539978027344,516.292053222656,18962700
2025-10-23,522.460021972656,523.950012207031,518.609985351562,520.559997558594,516.311950683594,14023500
2025-10-24,522.789978027344,525.349975585938,520.710021972656,523.609985351562,519.337036132812,15532400
2025-10-27,531.780029296875,534.580017089844,529.010009765625,531.52001953125,527.182556152344,18734700
2025-10-28,550,553.719970703125,540.77001953125,542.070007324219,537.646362304688,29986700
2025-10-29,544.940002441406,546.27001953125,536.72998046875,541.549987792969,537.130554199219,36023000
2025-10-30,530.47998046875,534.969970703125,522.119995117188,525.760009765625,521.469482421875,41023100
2025-10-31,528.880004882812,529.320007324219,515.099975585938,517.809997558594,513.584350585938,34006400
2025-11-03,519.809997558594,524.960021972656,514.590026855469,517.030029296875,512.810729980469,22374700
2025-11-04,511.760009765625,515.549987792969,507.839996337891,514.330017089844,510.132843017578,20958700
2025-11-05,513.299987792969,514.830017089844,506.579986572266,507.160003662109,503.021301269531,23024300
2025-11-06,505.660003662109,505.700012207031,495.809997558594,497.100006103516,493.043395996094,27406500
2025-11-07,496.950012207031,499.380004882812,493.25,496.820007324219,492.765686035156,24019800
2025-11-10,500.040008544922,506.850006103516,498.799987792969,506,501.870758056641,26101500
2025-11-11,504.799987792969,509.600006103516,502.350006103516,508.679992675781,504.528900146484,17980000
2025-11-12,509.359985351562,511.670013427734,499.119995117188,511.140014648438,506.968841552734,26574900
2025-11-13,510.309997558594,513.5,501.290008544922,503.290008544922,499.182891845703,25273100
2025-11-14,498.230010986328,511.600006103516,497.440002441406,510.179992675781,506.016662597656,28505700
2025-11-17,508.450012207031,512.119995117188,504.910003662109,507.489990234375,503.348602294922,19092800
2025-11-18,495.369995117188,502.980010986328,486.779998779297,493.790008544922,489.760437011719,33815100
2025-11-19,490.100006103516,495.190002441406,482.829986572266,487.119995117188,483.144836425781,23245300
2025-11-20,492.709991455078,493.570007324219,475.5,478.429992675781,475.413879394531,26802500
2025-11-21,478.5,478.920013427734,468.269989013672,472.119995117188,469.143676757812,31769200
2025-11-24,475,476.899993896484,468.019989013672,474,471.011810302734,34421000
2025-11-25,474.070007324219,479.149993896484,464.890014648438,476.989990234375,473.982940673828,28019800
2025-11-26,486.309997558594,488.309997558594,481.200012207031,485.5,482.439300537109,25709100
2025-11-28,487.600006103516,492.630004882812,486.649993896484,492.010009765625,488.908294677734,14386700
2025-12-01,488.440002441406,489.859985351562,484.649993896484,486.739990234375,483.671508789062,23964000
2025-12-02,486.720001220703,493.5,486.320007324219,490,486.910949707031,19562700
2025-12-03,476.320007324219,484.239990234375,475.200012207031,477.730010986328,474.718292236328,34615100
2025-12-04,479.760009765625,481.320007324219,476.489990234375,480.839996337891,477.808685302734,22318200
2025-12-05,482.519989013672,483.399993896484,478.880004882812,483.160003662109,480.114044189453,22608700
2025-12-08,484.890014648438,492.299987792969,484.380004882812,491.019989013672,487.924530029297,21965900
2025-12-09,489.100006103516,492.119995117188,488.5,492.019989013672,488.918212890625,14696100
2025-12-10,484.029998779297,484.25,475.079986572266,478.559997558594,475.543060302734,35756200
2025-12-11,476.630004882812,486.029998779297,475.859985351562,483.470001220703,480.422119140625,24669200
2025-12-12,479.820007324219,482.450012207031,476.339996337891,478.529998779297,475.513275146484,21248100
2025-12-15,480.100006103516,480.720001220703,472.519989013672,474.820007324219,471.82666015625,23727700
2025-12-16,471.910003662109,477.890014648438,470.880004882812,476.390014648438,473.386749267578,20705600
2025-12-17,476.910003662109,480,475,476.119995117188,473.118438720703,24527200
2025-12-18,478.190002441406,489.600006103516,477.890014648438,483.980010986328,480.928924560547,28573500
2025-12-19,487.359985351562,487.850006103516,482.489990234375,485.920013427734,482.856689453125,70836100
2025-12-22,486.119995117188,488.730010986328,482.690002441406,484.920013427734,481.862976074219,16963000
2025-12-23,484.980010986328,487.829986572266,484.739990234375,486.850006103516,483.780822753906,14683600
2025-12-24,485.679992675781,489.160003662109,484.829986572266,488.019989013672,484.943420410156,5855900
2025-12-26,486.709991455078,488.119995117188,485.959991455078,487.709991455078,484.635406494141,8842200
2025-12-29,484.859985351562,488.350006103516,484.179992675781,487.100006103516,484.029235839844,10893400
2025-12-30,485.929992675781,489.679992675781,485.5,487.480010986328,484.406860351562,13944500
2025-12-31,487.839996337891,488.140014648438,483.299987792969,483.619995117188,480.571166992188,15601600
2026-01-02,484.390014648438,484.660003662109,470.160003662109,472.940002441406,469.95849609375,25571600
2026-01-05,474.059997558594,476.070007324219,469.5,472.850006103516,469.869079589844,25250300
2026-01-06,473.799987792969,478.739990234375,469.75,478.510009765625,475.493377685547,23037700
2026-01-07,479.760009765625,489.700012207031,477.950012207031,483.470001220703,480.422119140625,25564200
2026-01-08,481.239990234375,482.660003662109,475.859985351562,478.109985351562,475.095916748047,18162600
2026-01-09,474.059997558594,479.820007324219,472.200012207031,479.279998779297,476.258544921875,18491000
2026-01-12,476.670013427734,480.989990234375,475.679992675781,477.179992675781,474.171752929688,23519900
2026-01-13,474.679992675781,475.779998779297,465.950012207031,470.670013427734,467.702819824219,28545800
2026-01-14,466.459991455078,468.200012207031,457.170013427734,459.380004882812,456.484008789062,28184300
2026-01-15,464.119995117188,464.25,455.899993896484,456.660003662109,453.781127929688,23225800
2026-01-16,457.829986572266,463.190002441406,456.480010986328,459.859985351562,456.960968017578,34246700
2026-01-20,451.220001220703,456.799987792969,449.279998779297,454.519989013672,451.654602050781,26130000
2026-01-21,452.600006103516,452.690002441406,438.679992675781,444.109985351562,441.310211181641,37980500
2026-01-22,447.619995117188,452.839996337891,444.700012207031,451.140014648438,448.295928955078,25349400
2026-01-23,451.869995117188,471.100006103516,450.529998779297,465.950012207031,463.012573242188,38000200
2026-01-26,465.309997558594,474.25,462,470.279998779297,467.315277099609,29291200
2026-01-27,473.700012207031,482.869995117188,473.160003662109,480.579986572266,477.550323486328,29213900
2026-01-28,483.209991455078,483.739990234375,478,481.630004882812,478.593688964844,36875400
2026-01-29,439.989990234375,442.5,421.019989013672,433.5,430.767150878906,128855300
2026-01-30,439.170013427734,439.600006103516,426.450012207031,430.290008544922,427.577362060547,58566800
2026-02-02,430.239990234375,430.739990234375,422.25,423.369995117188,420.700988769531,42219900
2026-02-03,422.010009765625,422.049987792969,408.559997558594,411.209991455078,408.617645263672,61424100
2026-02-04,411,419.799987792969,409.239990234375,414.190002441406,411.578887939453,45012400
2026-02-05,407.440002441406,408.299987792969,392.320007324219,393.670013427734,391.188262939453,66289200
2026-02-06,399.170013427734,401.790008544922,392.920013427734,401.140014648438,398.611145019531,53515300
2026-02-09,404.850006103516,414.890014648438,400.869995117188,413.600006103516,410.992614746094,45480500
2026-02-10,419.619995117188,423.679992675781,412.700012207031,413.269989013672,410.664642333984,44857900
2026-02-11,416.179992675781,416.459991455078,401.010009765625,404.369995117188,401.820770263672,42491000
2026-02-12,405,406.200012207031,398.010009765625,401.839996337891,399.306732177734,40802400
2026-02-13,404.450012207031,405.540008544922,398.049987792969,401.320007324219,398.790008544922,34091600
2026-02-17,399.220001220703,400.519989013672,394.529998779297,396.859985351562,394.358123779297,32078800
2026-02-18,398.130004882812,402.559997558594,396.320007324219,399.600006103516,397.080841064453,23223400
2026-02-19,400.690002441406,404.429992675781,396.670013427734,398.459991455078,396.851776123047,28234000
2026-02-20,396.109985351562,400.119995117188,395.160003662109,397.230010986328,395.626739501953,34015200
2026-02-23,395,395.359985351562,383.100006103516,384.470001220703,382.918243408203,43238300
2026-02-24,384.140014648438,389.359985351562,381.709991455078,389,387.429931640625,33884700
2026-02-25,390.529998779297,401.470001220703,390.160003662109,400.600006103516,398.983123779297,43625500
2026-02-26,404.709991455078,407.489990234375,398.739990234375,401.720001220703,400.098602294922,34405900
2026-02-27,390.880004882812,396.820007324219,389.880004882812,392.739990234375,391.154846191406,51367200
2026-03-02,392.859985351562,401.190002441406,390.630004882812,398.549987792969,396.941375732422,35474900
2026-03-03,393.140014648438,406.700012207031,392.670013427734,403.929992675781,402.299682617188,38199200
2026-03-04,401.269989013672,411.029998779297,400.309997558594,405.200012207031,403.564575195312,35808000
2026-03-05,404.420013427734,411.609985351562,404.399993896484,410.679992675781,409.022430419922,39001300
2026-03-06,409.200012207031,413.049987792969,408.510009765625,408.959991455078,407.309387207031,31123900
2026-03-09,404.920013427734,410.209991455078,403.5,409.410003662109,407.757568359375,30131900
2026-03-10,410.029998779297,410.200012207031,402.929992675781,405.760009765625,404.122314453125,31706400
2026-03-11,405.570007324219,409.010009765625,401.589996337891,404.880004882812,403.245849609375,25512100
2026-03-12,404.630004882812,406.119995117188,401.709991455078,401.859985351562,400.238006591797,27263900
2026-03-13,401,404.799987792969,394.25,395.549987792969,393.953491210938,26848000
2026-03-16,398.070007324219,400.630004882812,394.790008544922,399.950012207031,398.335754394531,27733700
2026-03-17,400.269989013672,404.399993896484,397.75,399.410003662109,397.797943115234,26228300
2026-03-18,397.130004882812,398,391,391.790008544922,390.208679199219,25908500
2026-03-19,390.100006103516,392.489990234375,387.059997558594,389.019989013672,387.449859619141,25138800
2026-03-20,386.790008544922,387,380.119995117188,381.869995117188,380.328704833984,50853200
2026-03-23,383.899993896484,387.209991455078,381.679992675781,383,381.454193115234,29680100
2026-03-24,382.359985351562,382.470001220703,371.850006103516,372.739990234375,371.235565185547,42733600
2026-03-25,376.920013427734,377.059997558594,369.630004882812,371.040008544922,369.542449951172,31181200
2026-03-26,370.820007324219,374.720001220703,365.190002441406,365.970001220703,364.492889404297,36836600
2026-03-27,361.899993896484,362.450012207031,356.510009765625,356.769989013672,355.330047607422,37883400
2026-03-30,361.899993896484,365.359985351562,356.279998779297,358.959991455078,357.511199951172,44797000
2026-03-31,364.549987792969,372.899993896484,363.070007324219,370.170013427734,368.675964355469,45244400
2026-04-01,373.489990234375,373.989990234375,368.200012207031,369.369995117188,367.879180908203,29417200
2026-04-02,367.209991455078,373.640014648438,364.149993896484,373.459991455078,371.952667236328,24099100
2026-04-06,373.489990234375,373.730010986328,369.5,372.880004882812,371.375030517578,16146600
2026-04-07,370.339996337891,372.450012207031,366.559997558594,372.290008544922,370.787414550781,21443300
2026-04-08,384.980010986328,385,371.410003662109,374.329986572266,372.819122314453,33064800
2026-04-09,372.5,373.5,367.049987792969,373.070007324219,371.564239501953,30435300
2026-04-10,372.980010986328,375.640014648438,370.029998779297,370.869995117188,369.373107910156,28111100
2026-04-13,373.609985351562,384.540008544922,371.019989013672,384.369995117188,382.818634033203,35745800
2026-04-14,387.920013427734,394.690002441406,386.519989013672,393.109985351562,391.523345947266,37504500
2026-04-15,398,414.369995117188,396.730010986328,411.220001220703,409.560272216797,45063400
2026-04-16,419.859985351562,420.820007324219,412.140014648438,420.260009765625,418.563781738281,41642400
2026-04-17,424.820007324219,431.579986572266,420.690002441406,422.790008544922,421.083587646484,48568200
2026-04-20,421.149993896484,423.329986572266,416.299987792969,418.070007324219,416.382629394531,27582200
2026-04-21,420.239990234375,427.179992675781,417.200012207031,424.160003662109,422.448028564453,32048500
2026-04-22,426.190002441406,433.700012207031,423.670013427734,432.920013427734,431.172698974609,29378200
2026-04-23,419.890014648438,423.660003662109,411.410003662109,415.75,414.071990966797,38308000
2026-04-24,416.970001220703,424.950012207031,415.799987792969,424.619995117188,422.906188964844,27457400
2026-04-27,422.380004882812,427.109985351562,417.070007324219,424.820007324219,423.105377197266,30867300
2026-04-28,424.570007324219,429.920013427734,421.899993896484,429.25,427.517486572266,30438100
2026-04-29,424.579986572266,426.820007324219,420.290008544922,424.459991455078,422.746826171875,38288300
2026-04-30,410.809997558594,414.420013427734,398.010009765625,407.779998779297,406.134155273438,70909400
2026-05-01,412.799987792969,417.109985351562,410.440002441406,414.440002441406,412.767272949219,31372400
2026-05-04,411.540008544922,420.779998779297,410.799987792969,413.619995117188,411.950561523438,28066500
2026-05-05,415.320007324219,416.779998779297,408.799987792969,411.380004882812,409.719604492188,25700900
2026-05-06,408,418.420013427734,405.109985351562,413.959991455078,412.289184570312,30285900
2026-05-07,420.109985351562,427.980010986328,418.760009765625,420.769989013672,419.071716308594,34942400
2026-05-08,417.390014648438,418.630004882812,414,415.119995117188,413.444519042969,33383800
2026-05-11,407.869995117188,412.690002441406,405.5,412.660003662109,410.994445800781,35657900
2026-05-12,414.480010986328,415.5,406.640014648438,407.769989013672,406.124176025391,38594200
2026-05-13,403.200012207031,406.309997558594,401.029998779297,405.209991455078,403.574523925781,29667100
2026-05-14,404.480010986328,411.839996337891,400.880004882812,409.429992675781,407.777465820312,27077500
2026-05-15,414.269989013672,428.170013427734,412.910003662109,421.920013427734,420.217071533203,50771200
2026-05-18,416.619995117188,425.119995117188,415.609985351562,423.540008544922,421.83056640625,32564100
2026-05-19,429.899993896484,432.700012207031,416.489990234375,417.420013427734,415.735260009766,33018700
2026-05-20,414.170013427734,422.100006103516,411.299987792969,421.059997558594,419.360534667969,27864000
2026-05-21,424.75,426.339996337891,415.709991455078,419.089996337891,418.302520751953,31393500
2026-05-22,419.540008544922,424.399993896484,416.329986572266,418.570007324219,417.783538818359,22390300
2026-05-26,416.429992675781,419.769989013672,413.019989013672,416.029998779297,415.248291015625,30398000
2026-05-27,411.010009765625,415.940002441406,409.579986572266,412.670013427734,411.894622802734,28901500
2026-05-28,412.980010986328,429.489990234375,412.670013427734,426.989990234375,426.187683105469,47250500
2026-05-29,432.549987792969,450.329986572266,432.359985351562,450.239990234375,449.394012451172,79654400
2026-06-01,464.839996337891,466.320007324219,458.269989013672,460.519989013672,459.654693603516,53628900
2026-06-02,446.880004882812,453.5,440.429992675781,441.309997558594,440.480773925781,37036800
2026-06-03,438.450012207031,440.390014648438,424.25,427.339996337891,426.537048339844,39037000
2026-06-04,435.809997558594,436.149993896484,426.410003662109,428.049987792969,427.245697021484,26899500
2026-06-05,428.339996337891,429.470001220703,414.399993896484,416.670013427734,415.887084960938,34782200
2026-06-08,414.140014648438,417.160003662109,408.559997558594,411.739990234375,410.966339111328,32086700
2026-06-09,409.029998779297,411.980010986328,398.480010986328,403.410003662109,402.652008056641,35317300
2026-06-10,398.549987792969,405.040008544922,397.160003662109,397.359985351562,396.613342285156,32576000
2026-06-11,395.209991455078,396.850006103516,384,390.339996337891,389.606567382812,47224100
2026-06-12,391.429992675781,391.739990234375,382.269989013672,390.739990234375,390.005798339844,34865800
2026-06-15,396.799987792969,401.75,392.850006103516,399.760009765625,399.008880615234,32266400
2026-06-16,395.790008544922,396.839996337891,390.690002441406,393.829986572266,393.089996337891,31506800
2026-06-17,390.25,390.369995117188,377.320007324219,378.910003662109,378.198028564453,41987800
2026-06-18,377.820007324219,381.369995117188,373.279998779297,379.399993896484,378.687103271484,59714200
2026-06-22,375.739990234375,381.630004882812,367.070007324219,367.339996337891,366.649780273438,45171100
2026-06-23,372.380004882812,377.220001220703,370.670013427734,373.940002441406,373.237365722656,40647600
2026-06-24,371.570007324219,378.880004882812,364.779998779297,365.459991455078,364.773315429688,44509900
2026-06-25,362.769989013672,364.230010986328,349.200012207031,352.829986572266,352.167022705078,66179000
2026-06-26,357.149993896484,376.609985351562,355.429992675781,372.970001220703,372.269195556641,186201600
2026-06-29,377.5,380.5,359.899993896484,368.570007324219,367.877471923828,51229900
2026-06-30,371.029998779297,374.149993896484,367.450012207031,373.019989013672,372.319091796875,44945700
2026-07-01,380.829986572266,388.829986572266,374.890014648438,384.279998779297,383.557952880859,48065800
2026-07-02,384.480010986328,392.200012207031,383.700012207031,390.489990234375,389.756256103516,42128900
2026-07-06,387.040008544922,389.149993896484,381.220001220703,386.739990234375,386.013305664062,34224500
2026-07-07,392.489990234375,395.570007324219,388.220001220703,388.839996337891,388.109375,29297500
2026-07-08,384.029998779297,385.309997558594,381.329986572266,383.339996337891,382.619720458984,25908300
2026-07-09,374.450012207031,384.649993896484,373.350006103516,384.359985351562,383.637786865234,31083200
2026-07-10,387.799987792969,391.910003662109,381.5,385.100006103516,384.376403808594,24644600
2026-07-13,387.75,393.649993896484,384.149993896484,390.989990234375,390.255340576172,28914900
2026-07-14,382.820007324219,388.190002441406,378.649993896484,384.929992675781,384.206726074219,27863900
2026-07-15,387.799987792969,398.959991455078,386.399993896484,395.630004882812,394.886627197266,36253700
2026-07-16,398.309997558594,405.989990234375,392.049987792969,401.100006103516,400.346343994141,37047400
2026-07-17,394.859985351562,398.390014648438,389.390014648438,393.820007324219,393.080017089844,33049800
2026-07-20,391.410003662109,403.179992675781,389.649993896484,402.290008544922,401.534118652344,27915800
2026-07-21,398.809997558594,401.470001220703,396.320007324219,397.75,397.002624511719,24126600
2026-07-22,399.579986572266,401,386.959991455078,390.339996337891,389.606567382812,28142500
2026-07-23,389.970001220703,391.779998779297,377.390014648438,381.579986572266,380.863006591797,30351800
2026-07-24,387.049987792969,389.029998779297,380.649993896484,381.700012207031,380.982818603516,27659400
2026-07-27,390.079986572266,394.200012207031,387.989990234375,389.100006103516,388.368896484375,27856200
2026-07-28,393.160003662109,400.320007324219,391.299987792969,393.350006103516,392.610900878906,32367500
2026-07-29,393.399993896484,401.25,388.739990234375,390.540008544922,389.806182861328,47209000
2026-07-30,437.899993896484,458.690002441406,432.440002441406,451.100006103516,450.252410888672,110160700
2026-07-31,450,466.839996337891,449.329986572266,464.720001220703,463.846801757812,60846000
2026-08-03,476.130004882812,491.649993896484,475,487.649993896484,486.733703613281,66762100
2026-08-04,480.899993896484,499.440002441406,479.170013427734,492.809997558594,491.884033203125,50455500
2026-08-05,496.359985351562,498.239990234375,485.679992675781,487.459991455078,486.544067382812,33388900
2026-08-06,488.549987792969,501.559997558594,488.519989013672,499.859985351562,498.920745849609,36441500
2026-08-07,499.209991455078,505.179992675781,498.730010986328,499.989990234375,499.050506591797,28846200
2026-08-10,503.440002441406,513.72998046875,502.269989013672,506.059997558594,505.109130859375,31206100
2026-08-11,504.329986572266,505.329986572266,499.549987792969,503.809997558594,502.863342285156,23049800
2026-08-12,499.989990234375,501.5,491.519989013672,492.429992675781,491.504730224609,29001500
2026-08-13,493.269989013672,501.339996337891,493.010009765625,496.880004882812,495.946380615234,23039000
2026-08-14,496.359985351562,500.010009765625,493.920013427734,495.399993896484,494.469146728516,16217600
2026-08-17,490.140014648438,492.660003662109,478.410003662109,480.350006103516,479.447448730469,29635800
2026-08-18,481.540008544922,484.269989013672,477.149993896484,481.630004882812,480.725036621094,24087600
2026-08-19,480.070007324219,489.299987792969,479.359985351562,484.309997558594,483.399993896484,19961900
2026-08-20,483.299987792969,484.160003662109,479.5,481.149993896484,481.149993896484,20020800
2026-08-21,479.880004882812,486.359985351562,478.529998779297,483.239990234375,483.239990234375,22510800
2026-08-24,483.209991455078,490.609985351562,481.859985351562,487.309997558594,487.309997558594,17230800
2026-08-25,485.440002441406,492.440002441406,484.299987792969,491.709991455078,491.709991455078,19519000
2026-08-26,487.850006103516,497.399993896484,487.309997558594,496.369995117188,496.369995117188,20758900
2026-08-27,494.880004882812,506.480010986328,490.079986572266,505.059997558594,505.059997558594,28688800
2026-08-28,505.329986572266,517.780029296875,504.869995117188,513.530029296875,513.530029296875,29207300
2026-08-31,510.380004882812,512.190002441406,506.390014648438,507.290008544922,507.290008544922,27208900
2026-09-01,497.519989013672,505.970001220703,496.779998779297,501.019989013672,501.019989013672,21046900
2026-09-02,499.850006103516,500.269989013672,493.809997558594,496.820007324219,496.820007324219,15336100
2026-09-03,501.660003662109,515.650024414062,500.799987792969,510.119995117188,510.119995117188,24125900
2026-09-04,510,511,499.359985351562,499.700012207031,499.700012207031,18101800
2026-09-08,493.010009765625,495.190002441406,490.149993896484,493.950012207031,493.950012207031,18882300
2026-09-09,493.070007324219,494.390014648438,489.799987792969,491.649993896484,491.649993896484,12889600
2026-09-10,488.320007324219,494.519989013672,486,492.440002441406,492.440002441406,16038800
2026-09-11,495.649993896484,498.970001220703,492.579986572266,495.630004882812,495.630004882812,14510500
2026-09-14,497.059997558594,509.950012207031,495.339996337891,505.410003662109,505.410003662109,23091900
2026-09-15,500.059997558594,505.899993896484,495.540008544922,497.119995117188,497.119995117188,17794600
2026-09-16,493.029998779297,495.970001220703,487.230010986328,490.299987792969,490.299987792969,16670300
2026-09-17,497.799987792969,501.470001220703,493.170013427734,497.75,497.75,17841600
2026-09-18,497.970001220703,498.649993896484,491.100006103516,493.779998779297,493.779998779297,39622300
2026-09-21,494.950012207031,501.869995117188,491.329986572266,501.609985351562,501.609985351562,27959900
2026-09-22,507.320007324219,508.5,493.649993896484,498,498,21652800
2026-09-23,500.760009765625,509.440002441406,495.880004882812,500.589996337891,500.589996337891,19445600
2026-09-24,495.070007324219,498.899993896484,491.220001220703,497.929992675781,497.929992675781,16657600
2026-09-25,499.040008544922,519.400024414062,497.25,516.169982910156,516.169982910156,38154200
